{
    "input": [
        [
            "10vdc_generic", 
            {
                "P1": [
                    0.0, 
                    -50.0
                ], 
                "P2": [
                    10.0, 
                    50.0
                ]
            }
        ], 
        [
            "575at20", 
            {
                "coeffs": [
                    -6.0422931741070871e-13, 
                    2.5161170698682009e-09, 
                    -4.4873991403667808e-06, 
                    0.0044431157654752484, 
                    -2.637701184400941, 
                    938.86421550644695, 
                    -185520.68935943919, 
                    15699711.822044689
                ]
            }
        ], 
        [
            "5vdc_fw-t1", 
            {
                "P1": [
                    0.0, 
                    -50.0
                ], 
                "P2": [
                    5.0, 
                    50.0
                ]
            }
        ], 
        [
            "internal", 
            {
                "coeffs": [
                    0.244140625, 
                    -50.0
                ]
            }
        ], 
        [
            "drt_3453",
            {
                "coeffs": [
                    6.60343612e-35,
                    -3.54235184e-30,
                    8.19851042e-26,
                    -1.07245370e-21,
                    8.72763502e-18,
                    -4.58600290e-14,
                    1.56534808e-10,
                    -3.41468386e-07,
                    4.59842952e-04,
                    -3.73588385e-01,
                    2.23126116e+02
                ]
            }
        ],
        [
            "ni1000_din", 
            {
                "coeffs": [
                    -1.7540861422655499e-11, 
                    8.84491806368604e-08, 
                    -0.00020036453548926401, 
                    0.38785739295684901, 
                    -258.40123676119799
                ]
            }
        ], 
        [
            "ni1000_lg", 
            {
                "coeffs": [
                    -3.0610978367460602e-11, 
                    1.4826862829912499e-07, 
                    -0.00032037166938691402, 
                    0.54408097555846502, 
                    -341.35928564711998
                ]
            }
        ], 
        [
            "ni100_din", 
            {
                "coeffs": [
                    -3.8660215477498201e-07, 
                    0.00017356641045535601, 
                    -0.0328518264402307, 
                    4.7342567031926697, 
                    -279.816223964632
                ]
            }
        ], 
        [
            "ni120_din", 
            {
                "coeffs": [
                    7.8371786781913406e-06, 
                    -0.00551417562365828, 
                    2.40211212781468, 
                    -222.393396587447
                ]
            }
        ], 
        [
            "ni500_din", 
            {
                "coeffs": [
                    -2.69781010140705e-10, 
                    6.8735304252415902e-07, 
                    -0.00078776361433839203, 
                    0.77202437337639496, 
                    -258.12924373307698
                ]
            }
        ], 
        [
            "ntc", 
            {
                "A": 4.0485727092092501e-07, 
                "B": -7.6423317688872303e-06, 
                "C": 0.000393472251690426, 
                "D": 0.00045240247252003799
            }
        ], 
        [
            "ntc-ta_1800at25", 
            {
                "A": 1.07620446367734e-07, 
                "B": 1.67903532216086e-06, 
                "C": 0.000256530370546475, 
                "D": 0.00129153143810628
            }
        ], 
        [
            "ntc_21c_1800at25", 
            {
                "A": 1.58769970779388e-07, 
                "B": -1.9357390097538299e-07, 
                "C": 0.00026808020345952101, 
                "D": 0.00128860518811899
            }
        ],
        [
            "ntc_21c_5000at25", 
            {
                "A": 9.12014282033e-08, 
                "B": 1.15500783973e-07, 
                "C": 0.000234620189597, 
                "D": 0.00129093812752
            }
        ],
        [
            "ntc_egu", 
            {
                "A": 1.5316342449918699e-07, 
                "B": -3.7776077405159199e-06, 
                "C": 0.00032449418376042499, 
                "D": 0.0010695925745167101
            }
        ], 
        [
            "ntc_regin", 
            {
                "coeffs": [
                    -0.012000929179128299,
                    150.011614739104
                ]
            }
        ], 
        [
            "pt1000_american", 
            {
                "A": 0.0039692, 
                "B": -5.8495000000000001e-07, 
                "C": -4.2325e-12, 
                "R0": 1000.0
            }
        ], 
        [
            "pt1000_din", 
            {
                "A": 0.003908, 
                "B": -5.8019000000000001e-07, 
                "C": -4.2735000000000003e-12, 
                "R0": 1000.0
            }
        ], 
        [
            "pt1000_iec", 
            {
                "A": 0.0039083, 
                "B": -5.7749999999999998e-07, 
                "C": -4.1830000000000003e-12, 
                "R0": 1000.0
            }
        ], 
        [
            "pt1000_its", 
            {
                "A": 0.0039848000000000001, 
                "B": -5.8699999999999995e-07, 
                "C": -3.9999999999999999e-12, 
                "R0": 1000.0
            }
        ], 
        [
            "pt100_american", 
            {
                "A": 0.0039692, 
                "B": -5.8495000000000001e-07, 
                "C": -4.2325e-12, 
                "R0": 100.0
            }
        ], 
        [
            "pt100_din", 
            {
                "A": 0.003908, 
                "B": -5.8019000000000001e-07, 
                "C": -4.2735000000000003e-12, 
                "R0": 100.0
            }
        ], 
        [
            "pt100_iec", 
            {
                "A": 0.0039083, 
                "B": -5.7749999999999998e-07, 
                "C": -4.1830000000000003e-12, 
                "R0": 100.0
            }
        ], 
        [
            "pt100_its", 
            {
                "A": 0.0039848000000000001, 
                "B": -5.8699999999999995e-07, 
                "C": -3.9999999999999999e-12, 
                "R0": 100.0
            }
        ], 
        [
            "t1_ptc", 
            {
                "coeffs": [
                    6.7464014352512796e-10, 
                    -1.28122227474942e-05, 
                    0.147359487181807, 
                    -271.97391625574102
                ]
            }
        ], 
        [
            "teu_ntc10", 
            {
                "A": 9.8474332708816002e-08, 
                "B": -3.51434556637709e-07, 
                "C": 0.00023778401087474999, 
                "D": 0.0011168947996561499
            }
        ], 
        [
            "teu_ntc10an", 
            {
                "A": 1.6087691454758499e-07, 
                "B": -1.3956134091134999e-07, 
                "C": 0.00024062204681847801, 
                "D": 0.0010239563656847699
            }
        ], 
        [
            "transp", 
            {
                "coeffs": [
                    1.0, 
                    0.0
                ]
            }
        ]
    ], 
    "output": [
        [
            "10vdc_generic", 
            {
                "P1": [
                    0.0, 
                    -50.0
                ],